	Kingdom	Phylum	Class	Order	Family	Genus	Species	ASV	ASVseqs
ASV_1	Bacteria	Proteobacteria	Alphaproteobacteria	Rickettsiales	Mitochondria	NA	NA	ASV_1	GATCTCATTTTGTGCCAGCCGCCGCGGTAACACGATTAACCCAAGTCAATAGAAGCCGGCGTAAAGAGTGTTTTAGATCACCCCCTCCCCAATAAAGCTAAAACTCACCTGAGTTGTAAAAAACTCCAGTTGACACAAAATAGACTACGAAAGTGGCTTTAACATATCTGAACACACAATAGCTAAGACCCAAACTGGGATTAGATACCCTAGTAGTCCATTGGCAGATCGGAAGAGCGTCGTGTAGGGAAAGAG
ASV_2	Bacteria	NA	NA	NA	NA	NA	NA	ASV_2	GTTTCGGTGCCAGCAGCCGCGGTCATACAAGAAACCCAAATCAATAGCTACCCGGCGTAAAGAGTGGCCACATGTTATCTGCACCAGCTAAGATTAAAATGCAACCAAGCTGTCATAAGCCTAAGATCCACCTAAACCCAACCCAAATCCATCTTAGCCTCAACGATTAATTTTAACCCACGAAAGCTAGGACCCAAACTGGGATTAGATACCCCGGTAGTCCTACAAGAGATCGGAAGAGCACACGTCT
ASV_3	NA	NA	NA	NA	NA	NA	NA	ASV_3	GGTAGCGTGCCAGCCGCCGCGGTAACAAGACAAGTCTTCAGTCGAGATCAAGTGGGAGAAGGAGAATTCGGCATCAAAAGAGGCCAAATGAGCGGGGTCGCGGACTCAATTCATGCAGCTGCATTGAGACCGAGGCCAACAGGCGTATCATACGCTGAAAGAGGGCTGCTATTCAGGGCGCAGGTGTGAACTATGTGGCACATTCCGCCATATAATGTGGAGGTTGTTAGAAACCCGGGTAGTCCCTGATC
ASV_4	Bacteria	NA	NA	NA	NA	NA	NA	ASV_4	GTTTCGGTGCCAGCAGCCGCGGTCATACAAGAAACCCAAATCAATAGCTACCCGGCGTAAAGAGTGGCCACATGTTATCTGCACCAGCTAAGATTAAAATGCAACCAAGCTGTCATAAGCCTAAGATCCACCTAAACCCAACCCAAATCCATCTTAGCCTCAACGATTAATTTTAACCCACGAAAGCTAGGACCCAAACTGGGATTAGATACCCGAGTAGTCCCTGATCAGATCGGAAGAGCGTCGTGTA
ASV_5	Bacteria	NA	NA	NA	NA	NA	NA	ASV_5	GGTAGCGTGCCAGCCGCCGCGGTAATATTAGATACCCAAATCAATAGCTACCCGGCGTAAAGAGTGGCCACATGTTATCTGCACCAGCTAAGATTAAAATGCAACCAAGCTGTCATAAGCCTAAGATCCACCTAAACCCAACCCAAATCCATCTTAGCCTCAACGATTAATTTTAACCCACGAAAGCTAGGACCCAAACTGGGATTAGATACCCTAGTAGTCCATTGGCAGATCGGAAGAGCACACGTCT
ASV_6	Bacteria	Proteobacteria	Gammaproteobacteria	Enterobacterales	Succinivibrionaceae	Anaerobiospirillum	NA	ASV_6	CATTTTGTGCCAGCCGCCGCGGTAATACGTAGGTGGCGAGCGTTATCCGGAATCATTGGGCTCAACCTGGGTTGGTCATTTTGAACTACCTTTCTAGAGTATTGCAGAGGGAGATGGAATTTCAGGTGTAGCGGTGGAATGCGTAGATATCTGAAAGAACACCAGAGGCGAAGGCGGTCTCCTGGGCAAATACTGACGCTGAGGTGCGAAAGCGTGGGGAGCAAACAGGATTAGATACCCTGGTAGTCCCTGATC
ASV_7	Bacteria	Proteobacteria	Alphaproteobacteria	Rickettsiales	NA	NA	NA	ASV_7	CGTACGGTGCCAGCCGCCGCGGTAATACAGGAGACCCAAACTAACTTTATAACGGCGTAAAGAGTGGTCACATGCTATCCTAGTAGCTAAGATTAAAAAGCAACTGAGCTGTCATAAGCCCAAGATGCCCATAAGGCCTCCATTTAAAGAAGATCTTAGACAAACGATTAATTGAACTCCACGAAAGCCAGGGCCCAAACTGGGATTAGATACCCTTGTAGTCCTGGTCAAGATCGGAAGAGCGTCGTGT
ASV_8	Bacteria	NA	NA	NA	NA	NA	NA	ASV_8	GTTTCGGTGCCAGCAGCCGCGGTAATACAGGAGACCCAAATCAATAGCTACCCGGCGTAAAGAGTGGCCACATGTTATCTGCACCAGCTAAGATTAAAATGCAACCAAGCTGTCATAAGCCTAAGATCCACCTAAACCCAACCCAAATCCATCTTAGCCTCAACGATTAATTTTAACCCACGAAAGCTAGGACCCAAACTGGGATTAGAAACCCGTGTAGTCCAAGCTAAGATCGGAAGAGCGTCGTGTA
ASV_9	Bacteria	NA	NA	NA	NA	NA	NA	ASV_9	ACTGATGTGCCAGCCGCCGCGGTAACAAGACAAGTCTTCAGTCGAGATCAAGTGGGAGAAGGAGAATTCGGCATCAAAAGAGGCCAAATGAGCGGGGTCGCGGACTCAATTCATGCAGCTGCATTGAGACCGAGGCCAACAGGCGTATCATACGCTGAAAGAGGGCTGCTATTCAGGGCGCAGGTGTGAACTATGTGGCACATTCCGCCATATAATGTGGAGGTTGTTAGAAACCCTAGTAGTCCACATCG
ASV_10	Bacteria	Actinobacteriota	Actinobacteria	Micrococcales	NA	NA	NA	ASV_10	CATTTTGTGCCAGCAGCCGCGGTAATACGTAGGCGGCAAGCGTTGTCCGGAATTATTGGGCAGACTTGAGGGATGCAGGGGAGAACGGAATTCCTGGTGTAGCGGTGGAATGCGCAGATATCAGGAGGAACACCGATGGCGAAGGCAGGTCACTGGGCCACTACTGACGCTGAGGAGCGAAAGCATGGGGAGCGAACAGGATTAGAAACCCCAGTAGTCCGATCTGAGATCGGAAGAGCGTCGTGTAGGG
ASV_11	Bacteria	Bacteroidota	Bacteroidia	Bacteroidales	Bacteroidaceae	Bacteroides	NA	ASV_11	CATTTTGTGCCAGCAGCCGCGGTAATACGGAGGATGCGAGCGTTATCCGGATTTATTGGGTTTAAAGGGAGCGCAGACGGGTTTTTAAGTCAGCTGTGAAAGTTTGGGGCTCAACCTTAAAATTGCAGTTGATACTGGAGACCTTGAGTGCAGTTGAGGCAGGTATCCGGGGTGCAACTGACGCTGAGGCTCGAAAGTGCGGGTATCAAACAGGATTAGATAACCCGGTAGTCCATTGGCAGATCGGAAG
ASV_12	Bacteria	NA	NA	NA	NA	NA	NA	ASV_12	CTCATTTTGTGCCAGCAGCCGCGGTAATTAGATACCCAGGTAGTCCCGAAACCAGATACCCTGGTAGTCCCCATCTTGTACCTATGGGGTGCACCAGGAATTAGATACCTGTGTAGTCCCGAAACATCACGCCTATGGGACGCAGCAGTATTAGATACCCGTGTAGTCCCGAAACATCACGCCTACGGTGGGCAGCAGCATTAGATACCCGTGTAGTCCCGTGATAGATCGGAAGAGCGTCGTGTAGGGAAA
ASV_13	NA	NA	NA	NA	NA	NA	NA	ASV_13	GTTTCGGTGCCAGCAGCCGCGGTAATTAGATACCCTGGTAGTCCGGAACTAGATACCCGTGTAGTCCTCAAGTCCGTACGGTGCCAGCAGCCGCGGTAATTAGAAACCCGTGTAGTCCTTGACTCCATACAGTGCCAGCCGCCGCGGTAATTAGAAACCCTTGTAGTCCACAAGTCCGTACAGTGCCAGCCGCCGCGGTACTGATGTGTTAGAAACCCTAGTAGTCCGTAGCCAGATCGGAAGAGCACAC
ASV_14	Bacteria	Firmicutes	Clostridia	Lachnospirales	Lachnospiraceae	NA	NA	ASV_14	GGTAGCGTGCCAGCCGCCGCGGTAAGACGTAGGGCGCGAGCGTTGTCCGGATTTATTGGAACTGTCAGGCTAGAGTGTCGGAGAGGAAAGCGGAATTCCTAGTGTAGCGGTGAAATGCGTAGATATTAGGAGGAACACCAGTGGCGAAGGCGGCTTACTGGACGGTAACTGACGTTGAGGCTCGAAAGCGTGGGGAGCAAACAGGATTAGATACCCGGGTAGTCCTCAAGTAGATCGGAAGAGCGTCGTG
ASV_15	Bacteria	Proteobacteria	NA	NA	NA	NA	NA	ASV_15	GTTTCGGTGCCAGCAGCCGCGGTAATTAGAAACCCCGGTAGTCCTTGATCCGTACGGTGCCAGCCGCCGCCACACACACACACACACACCCTTCCATATATTTGGGAGTTGCCAGATTGGATCAAAAGCGCAGTGAAATCAAAAGGTTCTCTATCGCAAACTTCCTACACTTGAAGAAGTGTGCATACACACACACAAAGCACGCAAGTGTGTGATTAGATACCCTTGTAGTCCCTGATCAGATCGGAAG
ASV_16	Bacteria	Firmicutes	Clostridia	Lachnospirales	Lachnospiraceae	NA	NA	ASV_16	CGTACGGTGCCAGCCGCCGCGGTAATACGTAGGGGGCTAGCGTTATCCGGAATTACTGGGCGTAAAGGGAGCGCAGGCGGGAAACTAAGCGGATCTTGAGTACCGGAGAGGAAAGCGGAATTCCTAGTGTAGCGGTGAAATGCGTAGATATTAGGAGGAACACCAGTGGCGAAGGCGGCTTTCTGGACGATGACTGACGTTGAGGCTCGAAAGCGTGGGGAGCAAACAGGATTAGATACCCTAGTAGTCCTTGACT
ASV_17	Archaea	Halobacterota	NA	NA	NA	NA	NA	ASV_17	CTCATTTTGTGCCAGCCGCCGCGGTAATTAGATACCCGGGTAGTCCGCTACCACTTGACCTACGGGGCGCAGCAGTATTAGATACCCTAGTAGTCCATCAGTACGGTACCTATGGGGTGCAGCAGTATTAGATACCCACGTAGTCCGCTCATAGAGAGTGATGCTCTTCCGATCTATGTCACCTACGGGGTGCAGCAGTATTAGAAACCCTAGTAGTCCAAGCTAAGATCGGAAGAGCGTCGTGTAGGGAAA
ASV_18	Archaea	NA	NA	NA	NA	NA	NA	ASV_18	GATCTGGTAGCGTGCCAGCAGCCGCGGTAATTAGAAACCCGGGTAGTCCGTAGCCTAGAAACCCGTTAGTCCGCCTAATGTGCCAGCCGCCGCGGTAATTAGATACCCTGGTAGTCCATTGGCTCGTTCAGTGCCAGCCGCCGCGGTAATTAGAAACCCTTGTAGTCCTCAAGTTCGTACGGTGCCAGCCGCCGCGGTAATTAGAAACCCCGGTAGTCCATTGGCAGATCGGAAGAGCGTCGTGTAGGGAAAGAG
ASV_19	Archaea	NA	NA	NA	NA	NA	NA	ASV_19	CGTACGGTGCCAGCAGCCGCGGTAGATACCCTTGTAGTCCACATCGCGTGTAGTCCACATCGAGTGCCAGCAGCCGCGGTAATTAGAAACCCTTGTAGTCCACAAGTCCGTACAGTGCCAGCCGCCGCGGTAATTAGAAACCCGTGTAGTCCACATCGCCACATCGCATGTAGTCCCGTGATGGTGCCAGCCGCCGCGGTAATTAGAAACCCCAGTAGTCCTACAAGAGATCGGAAGAGCGTCGTGTAGG
ASV_20	NA	NA	NA	NA	NA	NA	NA	ASV_20	CATTTTGTGCCAGCAGCCGCGGTAATTAGAAACCCCTGTAGTCCGTAGCCGCGGTAATTAGAAACCCTGGTAGTCCTCATCGCGTGTAGTCCACATCGAGTGCCAGCCGCCGCGGTAATTAGATACCCTGGTAGTCCGTAGCCACGTCGTACGGTGCCAGCAGCCGCGGTAATTAGAAACCCTGGTAGTCCCAGGCCACGTGTTTTGTGCCAGCCGCCGCGGTAATTAGAAACCCTGGTAGTCCCGTGAT
ASV_21	Bacteria	NA	NA	NA	NA	NA	NA	ASV_21	CATTTTGTGCCAGCCGCCGCGGTAATTAGAAACCCGAGTAGTCCTCAAGTCCGTACAGTGCCAGCAGCCGCGGTAATTAGAGACCCCAGTAGTCCTCAAGTTCGTACGGCGCCAGCAGCCGCGGTAATTAGATACCCTAGTAGTCCTCAAGTTCGTACGGTGCCAGCAGCCGCGGTAATTAGATACCCTAGTGGTCCCGTGATGGTGCCAGCAGCCGCGGTAATTAGAAACCCTGGTAGTCCCGTGATAG
ASV_22	NA	NA	NA	NA	NA	NA	NA	ASV_22	GTTTCGGTGCCAGCAGCCGCGGTAATTAGAAACCCGTGTAGTCCCGTGATGTACGGTGCCAGCCGCCGCGGTAATTAGATACCCTAGTAGTCCTACGCCACGTGTTTCGGTGCCAGCAGCCGCGGTAATTAGAAACCCGTGTAGTCCGTAGCCACGTGTTTCGGTGCCAGCAGCCGCGGTAGTCCACATCATGTGCCAGCAGCCGCGGTAATTAGATACCCGAGTAGTCCGTAGCCAGATCGGAAGAGCA
ASV_23	NA	NA	NA	NA	NA	NA	NA	ASV_23	ACTGATGTGCCAGCAGCCGCGGTAATTAGAAACCCTTGTAGTCCTGTGACGTACGGTGCCATCCGCCGCAGTAATTAGATACCCCGGTAGTCCTCATCGCCACATCGCGTGTAGTCCCGTGCCACGTGTTTCAGTGCCAGCAGCCGCGGTAATTAGATACCCGGGTAGTCCATTGGCTCGTACGGTGCCAGCCGCCGCGGTAATTAGAAACCCGGGTAGTCCCGTGATAGATCGGAAGAGCACACGTCTG
ASV_24	Bacteria	Proteobacteria	Gammaproteobacteria	Burkholderiales	NA	NA	NA	ASV_24	GGTAGCGTGCCAGCCGCTGCGGTAATACGTAGGTGGCGAGCGTTGTCCGGAATTATTGGGCGTAAAGAGTATGTCAGAGGGAGGTGGAATTCCAAGTGTAGCAGTGAAATGCGTAGATATTTGGAAGAACACCGATGGCGAAGGCAGCCTCCTGGGATAATACTGACGCTCATGCACGAAAGCGTGGGGAGCAAACAGGATTAGAAACCCTGGTAGTCCTCAAGTAGATCGGAAGAGCGTCGTGTAGGGA
ASV_25	Bacteria	Proteobacteria	NA	NA	NA	NA	NA	ASV_25	CGATCTGGTAGCGTGCCAGCAGCCGCGGTCATACGATTAACCCAAATTAATAAACCCTCCGGCGTAAAGCGTGTCAAAGACTAATACCAAAATAAAGTTAAAACCCAGTTAAGCCGTAAAAAGCTACAACCAAAGTAAAATAGACTACGAAAGTGACTTTAATACCTCTGACTACACGATAGCTAAGACCCAAACTGGGATTAGATACCCTGGTAGTCCCGTGATAGATCGGAAGAGCGTCGTGTAGGGAAAGAGT
ASV_26	Bacteria	Firmicutes	Clostridia	Lachnospirales	Lachnospiraceae	NA	NA	ASV_26	CGTACGGTGCCAGCAGCCGCGGTAATACGTAGGGGGCAAGCGTTATCCGGATTTACTGGGTGTAAAGGGAGCGTAGACGGCATGGCAAGCCAGATGTGAAAGCCCGGGGCTCAACCCCGGGACTGCATTTGGAGGAACACCAGTGGCGAAGGCGGCTCACTGGCTCGATACTGACGCTGAGGTGCGAAAGCGTGGGGAGCAAACAGGATTAGAAACCCCAGTAGTCCTTGACTAGATCGGAAGAGCACAC
ASV_27	Bacteria	NA	NA	NA	NA	NA	NA	ASV_27	CTCATTTTGTGCCAGCAGCCGCGGTAATTAGATACCCTGGTAGTCCGCTACCCTGGTAGTCCTCACCTTGTACCTATGGGATGCAGCAGCATTAGATACCCAGGTAGTCCGCTACCATTACGCCTACTTGACCTACGGGATGCAGCAGTATTAGATACCCGAGTAGTCCCGTACGACGTGTCCTACGGGGGGCACCAGTATTAGATACCCGTGTAGTCCAAGCTAAGATCGGAAGAGCGTCGTGTAGGGAAA
ASV_28	Bacteria	NA	NA	NA	NA	NA	NA	ASV_28	CATTTTGTGCCAGCCGCCGCGGTAATTAGATACCCCAGTAGTCCGCTCATAGAGAGGGGGTGATGCTCTTCCGATCTTGACCTATGGGGCGCAGCAGGATTAGATACCCCTGTAGTCCCGTACGACTTGACCTATGGGAGGCAGCAGCATTAGATACCCTAGTAGTCCGCTACCACGATGTCCTACGGGGGGCAGCAGTATTAGATACCCTTGTAGTCCAAGCTAAGATCGGAAGAGCGTCGTGTAGGGA
ASV_29	Bacteria	NA	NA	NA	NA	NA	NA	ASV_29	GGTAGCGTGCCAGCAGCCGCGGTAATTAGAAACCCCTGTAGTCCTCATCGCCACATCGCGTGTAGTCCACATTGCGTGCCAGCCGCCGCGGTCATACAAGAAACCCAAATCAATAGATACCCTAGTAGTCCACAAGTTCGTACAGTGCCAGCAGCCGCGGTAATTAGATACCCTGGTAGTCCACATCTCGTACGGTGCCAGCAGCCGCGGTAATTAGATACCCGAGTAGTCCTGGTCAAGATCGGAAGAG
ASV_30	Bacteria	Firmicutes	Clostridia	Peptostreptococcales-Tissierellales	Peptostreptococcaceae	NA	NA	ASV_30	CGTACGGTGCCAGCAGCCGCGGTAATACGTAGGGGGCTAGCGTTATCCGGATTTACTGGGCGTAAAGGGTGCGTAGGCGGTCTTTCAAGTCAGCTGTGAAAGTTTGGGGCTCAACCTTAAAATTGCAGTTGATATTGGGAGGAACACCAGTAGCAAAGGCGGCTTTCTGGACTGTAACTGACGCTGAGGCACGAAAGCGTGGGGAGCAAACAGGATTAGAAACCCGGGTAGTCCGTAGCCAGATCGGAAG
ASV_31	Bacteria	Fusobacteriota	Fusobacteriia	Fusobacteriales	Fusobacteriaceae	NA	NA	ASV_31	CGTACGGTGCCAGCCGCCGCGGTAATACGTATGTCGCAAGCGTTATCCGGATTTATTGGGCGTAAAGCGCGTCTAGGCGGTTTGGTAAGTCTGATGTGAAAATGCGGGGCTCAACAAACTAAAGCTGAATGCTCTCAAGACTGTTATATGCGTTCGAGACTTTGAAACCCAACTACGAAAGTGGCTTTACTAGACCTGAACCCACGAAAGCTAAGGAACAAACTGGGATTAGAAACCCGTGTAGTCCGTAGCC
ASV_32	NA	NA	NA	NA	NA	NA	NA	ASV_32	CGTACGGTGCCAGCAGCCGCGGTAATTAGAAACCCGTGTAGTCCGTAGCCACGTGGTAGCGTGCCAGCAGCCGCGGTAATTAGATACCCCGGTAGTCCCGGTCACGTGCTTCAGTGCCAGCCGCCGCGGTAATTAGATACCCTTGTAGTCCACATCGGGTGCCAGCAGCCGCGGTATGGTAGCGTGCCAGCCGCCGCGGTAATTAGAAACCCCTGTAGTCCAAGCTAAGATCGGAAGAGCACACGTCTGA
ASV_33	Bacteria	Chloroflexi	Chloroflexia	Thermomicrobiales	JG30-KF-CM45	NA	NA	ASV_33	CATTTTGTGCCAGCCGCCGCGGTAATACGTAGGGGGCAAGCGTTATCCGGCTTAACCGGGGAGGGTCGTCGTGAACGGGTGAGCTTGAGGATATCAGGGGCTGGTGGAATTCCCGGTGTAGTGGTGAAATGCGTAGATATCGGGAGGAACACCTGTGGCGAAGGCGGCCAGCTGGGATATACCTGACGCTGAGATGCGAAGGCGTGGGGAGCGAACGGGATTAGAAACCCTAGTAGTCCGATCTGAGATC
ASV_34	Archaea	Halobacterota	Halobacteria	Halobacterales	NA	NA	NA	ASV_34	CATTTTGTGCCAGCCGCCGCGGTAATTAGATACCCCAGTAGTCCCTGATCCGTTTCGGTGCCAGCCGCCGCGGTAAGTTTCGGTGCCAGCCGCCGCGGTAATTAGATACCCGGGTAGTCCGTAGCCACGTCGTACGGTGCCAGCAGCCGCGGTAATTAGATACCCGAGTAGTCCCGTGATGTACAGTGCCTATGGGATGCACCAGTATTAGATACCCTGGTAGTCCGATCTGAGATCGGAAGAGCACACG
ASV_35	Bacteria	Proteobacteria	Alphaproteobacteria	Rickettsiales	Mitochondria	NA	NA	ASV_35	CGATCTCATTTTGTGCCAGCAGCCGCGGTAATACGATTAACCCAAACTAATTATCTTCGGCGTAAAACGTGTCAACTATAAATAAATAAATAGAATTAAAATCCAACTTATATGTGAAAATTCATTGTTAGGACCTAAACTCAATAACGAAAGTAATTCTAGTCATTTATAATACACGACAGCTAAGACCCAAACTGGGATTAGAAACCCTGGTAGTCCGATCTGAGATCGGAAGAGCACACGTCTGAACTCCAGT
ASV_36	Bacteria	Bacteroidota	Bacteroidia	Flavobacteriales	Weeksellaceae	Candidatus Hemobacterium	NA	ASV_36	CGTACGGTGCCAGCCGCCGCGGTAATACGGAGGATGCGAGCGTTATCCGGATTTATTGGGTTTAAAGGGAGCGCAGACGGGTTTTTAAGTCAGCTGTGAAAGTTTGGGGCTGGAATAAGTAGTGTAGCGGTGAAATGCATAGATATTACTTAGAACACCAATTGCGAAGGCAGCTTACCGTAACGTTACTGACGCTTAAGCACGAAGGTGCGGGTATCGAACAGGATTAGAAACCCGGGTAGTCCTCAAGT
ASV_37	Bacteria	Proteobacteria	Gammaproteobacteria	Enterobacterales	Enterobacteriaceae	Aquamonas	NA	ASV_37	CGTACGGTGCCAGCAGCCGCGGTAATACGTAGGGTGCAAGCGTTAATCGGAATTACTGGGGAACTTGAGTGCAGAAGGGGAGAGTAGAATTCCAGGTGTAGCGGTGAAATGCGTAGAGATCTGGAGGAATACCGGTGGCGAAGGCGGCCCCCTGGACGAAGACTGACGCTCAGGTGCGAAAGCGTGGGGAGCAAACAGGATTAGAAACCCTAGTAGTCCTCAAGTAGATCGGAAGAGCGTCGTGTAGGGA
ASV_38	Bacteria	NA	NA	NA	NA	NA	NA	ASV_38	TGTTTCGGTGCCAGCAGCCGCGGTAATTAGATACCCGTGTAGTCCATCAGTACGGTGCCTACGGGATGCACCAGTATTAGATACCCAAGTAGTCCATCAGTACAGTGCCTACGGGATGCAGCAGTATTAGAAACCCGAGTAGTCCGTAGCCAGAAACCCCGGTAGTCCATTGGCTCGTACGGTGCCAGCCGCCGCGGTAATTAGAAACCCCTGTAGTCCACATCGAGATCGGAAGAGCACACGTCTGAACT
ASV_39	Bacteria	NA	NA	NA	NA	NA	NA	ASV_39	TCGTACGGTGCCAGCCGCCGCGGTAATACGTAGGCGGCAAGCGTTGTCCGGAATTATTGGGCGTAAAGGGAGCGCAGGGGTCACAACAAACTAAAGCTGAATGCTCTCAAGACTGTTATATGCGTTCGAGACTTTGAAACCCAACTACGAAAGTGGCTTTACTAGACCTGAACCCACGAAAGCTAAGGAACAAACTGGGATTAGATACCCCTGTAGTCCACATCGAGATCGGAAGAGCACACGTCTGAACT
ASV_40	NA	NA	NA	NA	NA	NA	NA	ASV_40	CATTTTGTGCCAGCAGCCGCGGTAATTAGATACCCCAGTAGTCCGTAGCCGTACGGTGCCAGCCGCCGCGGTAATTAGATACCCAGGTAGTCCGCTACCACGATGTCCTACGGGGTGCAGCAGTATTAGATACCCTAGTAGTCCTAGTTGAGGTACAGTGCCTATGGGATGCAGCAGTATTAGATACCCGTGTAGTCCATCAGTACAGTGCCTATGGGATGCAGCAGTATTAGATACCCTGGTAGTCCACATCG
ASV_41	Bacteria	Proteobacteria	Gammaproteobacteria	NA	NA	NA	NA	ASV_41	CATTTTGTGCCAGCCGCCGCGGTAATACGGAGGGTGCAAGCGTTAATCGGAATAACTGCATTCGATACTGGGTAGCTGGAGATCGGTAGAGGGCGGCGGAATTCCGGGTGTAGCGGTGAAATGCGTAGATATCTGGAGGAATACCGATGGCGAAGGCAGCCATCTGGCCTAACACTGACGCTGAGGTGCGAAAGCATGGGGAGCAAACAGGATTAGATACCCCAGTAGTCCCGTGATAGATCGGAAGAGC
ASV_42	Bacteria	Firmicutes	Clostridia	NA	NA	NA	NA	ASV_42	CATTTTGTGCCAGCCGCCGCGGTAATACGTAGGTGGCGAGCGTTATCCGGAATCATTGGGCGTAAAGAGGGAGCAGGCGGCCGCAAGGGTCTGACTTGAGTGCAGGAGAGGAAAGCGGAATTCCCAGTGTAGCGGTGAAATGCGTAGATATTGGGAGGAACACCAGTAGCGAAGGCGGCTTTCTGGACTGTAACTGACGCTGAGGCACGAAAGCGTGGGGAGCAAACAGGATTAGATACCCCTGTAGTCCCGTGAT
